0032b77f-5812-4a43-a4a4-3048c75fd7c0|NULL|2026-07-31 22:38:27.515759+00
0084b7cc-a043-485e-a450-1a62f3d2a8d5|NULL|2026-06-17 10:34:29.634062+00
016b7bb9-adce-4610-94f0-ba73b0540190|NULL|2026-07-25 13:46:54.648505+00
01791025-91c7-41c5-8bca-438de5c950cd|NULL|2026-07-07 18:32:21.781977+00
01c0226f-50c5-47fd-83e6-cb3fbf1897fd|NULL|2026-06-23 10:16:05.887215+00
024db48b-dc9b-4bac-9a10-37aa7321607e|NULL|2026-07-30 14:35:22.823618+00
02e4807d-3635-4966-8e3b-386d21c18a5d|NULL|2026-08-07 06:04:56.028238+00
042022b6-5213-4fde-9b3a-e6f30b6be75a|NULL|2026-07-06 01:17:35.206246+00
043faeca-f937-45b4-8833-fdcba8378233|NULL|2026-06-13 10:18:43.09881+00
065649a0-e684-497c-bcc4-a0244b9951e9|NULL|2026-07-20 09:35:29.590442+00
071ab4ab-d1b6-41bd-8216-a5a7e538718c|NULL|2026-06-23 07:02:47.629295+00
08f59963-7c9a-4b22-943c-93c317257df8|NULL|2026-06-23 07:02:47.629295+00
09d2ab5a-c827-42e9-bf4a-20a6edd762b0|NULL|2026-07-25 05:51:53.469907+00
0a2281c7-11cd-4a66-b78c-b671838f3bc8|NULL|2026-06-23 07:02:47.629295+00
0a516f9f-27ef-4956-92a1-f77f46c6378f|NULL|2026-06-23 07:02:47.629295+00
0a59b84e-a6dd-4247-aed8-313766e4f544|NULL|2026-07-14 10:31:51.632658+00
0a940c9a-0cc2-471d-83f8-76f61c7399ba|NULL|2026-07-24 18:58:29.873521+00
0c7ac752-6504-4ef7-8d76-7dcdc66508cb|NULL|2026-06-18 13:17:50.584777+00
0cfcff89-9acc-48da-be8a-e10d1be49eeb|NULL|2026-06-23 07:02:47.629295+00
0ed396e0-9912-46bb-a20c-42b43cb7517a|NULL|2026-06-23 07:02:47.629295+00
10ac7e11-fa50-430e-ba74-9b608ed14ffe|NULL|2026-07-05 22:52:22.481599+00
11cd74fc-51ba-49af-8c40-74289bec0a20|NULL|2026-06-19 06:49:07.3009+00
12063431-4e73-4a1a-8f21-8398dfd1f541|NULL|2026-08-02 13:15:06.618918+00
132134c6-bb73-46fc-82a6-7668dca114b6|NULL|2026-06-23 07:02:47.629295+00
1501dfec-38b4-478b-b41b-eea8874f42f4|NULL|2026-06-22 03:38:33.498234+00
156e6878-f8d4-4cda-802f-0f56654c44df|NULL|2026-06-12 12:23:06.830616+00
15b91c94-e159-4507-bc93-7cf4ddecac05|NULL|2026-07-15 17:40:12.068625+00
15dbd75a-e281-48ae-bfd5-6fff14e3afb5|NULL|2026-06-12 12:04:58.801921+00
15f1a189-a65a-4a5c-879d-e869904f4aca|NULL|2026-08-02 08:56:37.915425+00
168af471-684e-4798-ba44-3d9dbc6b1161|NULL|2026-08-03 23:09:51.025735+00
175f9365-fa77-44a0-b6eb-897ee2a443ce|NULL|2026-06-19 13:29:32.845389+00
17ec4a13-72dd-408c-9253-e405d9a37a75|NULL|2026-06-23 07:02:47.629295+00
1851a294-5573-4620-8951-e87ea5ae57d4|NULL|2026-06-23 07:02:47.629295+00
18581a03-e00d-48f3-8372-81b8c95f8c44|NULL|2026-08-06 10:21:53.625584+00
18997eb7-7229-4a19-8f9a-f6f8d2731c1a|NULL|2026-06-23 07:02:47.629295+00
18dbdbaa-ef82-454a-b020-e2a7d14ab715|NULL|2026-07-19 16:22:13.599677+00
19346e5a-75ef-46f6-916c-01f33264045c|NULL|2026-06-13 08:25:06.796922+00
19f4fcca-fb36-4571-ad42-b841b5ab3f51|NULL|2026-08-02 07:20:48.968006+00
19f8f409-a1bc-4ffc-8489-81826e183bd7|NULL|2026-07-07 07:15:18.794725+00
1a0daf0a-c632-4383-8a7f-de41a5ecfb61|NULL|2026-06-23 07:02:47.629295+00
1b055f8f-49c9-4fdf-beed-c00d9c5e19dc|NULL|2026-06-23 07:02:47.629295+00
1bc28de5-3b91-448c-953c-cb9afd581f55|NULL|2026-07-03 15:43:11.665735+00
1cd59af8-013b-471d-996d-af525e736e23|NULL|2026-07-10 07:26:17.315153+00
1e0665c4-eb5f-46ba-81a4-8c25be921564|NULL|2026-07-13 15:03:02.200064+00
207a420d-5e46-4f18-8a9d-0b93408bfa81|NULL|2026-07-20 15:10:42.813688+00
20c027ee-5ae6-4d40-9674-c4f3e7cec4a5|NULL|2026-06-13 09:50:56.078585+00
2153f638-620a-4966-9563-1a51afe5bb4c|NULL|2026-06-13 08:33:48.076183+00
24842c45-7b14-44fa-a6aa-d0849c075fd5|NULL|2026-07-26 09:09:51.776286+00
2536d84d-4cb4-4ea7-9f6d-b1e139f662ec|NULL|2026-06-23 07:02:47.629295+00
269f4d30-4762-4ded-b2f8-61db9d0bbd1d|NULL|2026-07-27 17:53:53.404794+00
26b0ce23-ddc4-48a6-8f37-2d5aae563d3f|NULL|2026-07-13 15:50:19.8218+00
27e1f86a-8fad-41f0-9b35-788841964ffe|NULL|2026-06-23 07:02:47.629295+00
292ba3c5-8c12-4aaa-a0d2-2dde33d4df7f|NULL|2026-07-21 05:15:36.955609+00
29314928-a1c2-4e65-a4e0-cbcd7332b435|NULL|2026-07-26 10:13:37.889555+00
2a1c0b83-f528-49dd-ae98-d37cb3dbfbcd|NULL|2026-06-23 07:02:47.629295+00
2a3847af-63c9-4a1e-bd74-b4de037613f8|NULL|2026-06-23 07:02:47.629295+00
2c304725-4bc4-477b-bebf-2d53aa08e7e9|NULL|2026-07-07 18:30:57.85427+00
2c3bd5f2-632e-40b9-ad95-82f84e746f9a|NULL|2026-07-19 18:08:53.369785+00
2e6dc317-6641-4521-b5e8-940a87f52872|NULL|2026-07-28 07:20:22.999635+00
306bfbfb-8fb7-4698-aeed-640106ac0757|NULL|2026-07-03 06:35:29.757052+00
328b2fe5-14fc-4268-8ee6-0df347841ff7|NULL|2026-06-12 12:04:58.519021+00
32bb1ccd-9b5a-44ba-9878-cbced1635070|NULL|2026-06-23 07:02:47.629295+00
32c2bb5c-99f8-40cc-84f3-e5b590c966e1|NULL|2026-07-01 20:12:37.169486+00
32ecde4b-5735-4628-b90f-f9738fe1776a|NULL|2026-07-11 08:10:36.455095+00
337f9c2f-7b81-440e-bdc1-2734eb299427|NULL|2026-07-18 15:13:20.383819+00
3455118e-7338-4b5e-90c1-23f667658bf4|NULL|2026-07-04 12:27:28.24096+00
3494cf20-d475-4bf0-a453-71a008825c45|NULL|2026-07-24 00:52:06.400327+00
34ae1b21-bfb3-478b-8cca-5fdc9ddd12da|NULL|2026-06-12 12:04:59.523074+00
34f6d4e0-cc76-490b-8035-823a1e352b58|NULL|2026-06-23 07:02:47.629295+00
3665110d-514a-464a-91e1-11fefe2f1918|NULL|2026-08-05 07:15:50.676128+00
36acbc34-b16c-45b5-8a52-c67328acff6c|NULL|2026-08-03 20:26:26.308448+00
371617b7-33eb-4357-8e52-f4605a9f5c72|NULL|2026-06-23 07:02:47.629295+00
379ffbe0-5768-4573-a0cb-1dce9865b5d0|NULL|2026-07-21 04:17:24.594031+00
37b6e8c0-f487-4fa7-b34b-54ebece10149|NULL|2026-06-12 12:29:18.415498+00
387ac130-f24d-476b-8e81-cfa3d1b12738|NULL|2026-06-23 07:02:47.629295+00
38dd09db-e88d-416c-85e8-d0de99d2296e|NULL|2026-07-08 14:52:17.638025+00
39546715-7ebe-431d-ab5f-3874eca73d77|NULL|2026-07-27 10:25:15.662217+00
3a704d46-2cb8-455a-aac7-6e4260cd698f|NULL|2026-07-02 11:12:23.844417+00
3a938efc-6553-47aa-b570-6e83515e19d6|NULL|2026-08-11 10:10:04.386142+00
3a9ee6a8-59d0-4765-9151-9ea8c6378da5|NULL|2026-07-14 10:09:17.852403+00
3ac78e20-fe76-4353-953e-67ea0be10add|NULL|2026-07-13 15:07:50.748347+00
3b45e304-c754-433c-a7fe-1c6022d66c77|NULL|2026-06-26 17:42:39.91547+00
3f2b407d-2dc1-4241-a6fb-198c572519e0|NULL|2026-07-23 13:48:09.878812+00
3f7dcfe8-33f1-4e32-9c48-89999eb4938c|NULL|2026-06-23 07:02:47.629295+00
3fdab11d-ad87-49a2-aaca-aa66db80154c|NULL|2026-08-02 22:45:57.687753+00
4008c06d-8c1b-40a0-9686-cfdc0120a7fb|NULL|2026-06-23 07:02:47.629295+00
4107f5ea-c698-48df-b6bb-6dc2c8d97842|NULL|2026-07-23 13:42:59.667087+00
42b8f810-3a79-47b1-82ba-eeeae34ba86d|NULL|2026-06-23 07:02:47.629295+00
44c23c1c-0202-4e69-b207-55151f2a6964|NULL|2026-06-23 07:19:46.892052+00
456a3f12-b1d0-47b3-b346-6d1aad7a90da|NULL|2026-07-11 07:16:31.969696+00
47bf2735-3fa4-4b36-a6bb-4764bd3fdcba|NULL|2026-06-28 16:28:38.149867+00
47d1dd20-66b2-436e-951c-647e60f9f537|NULL|2026-06-23 07:02:47.629295+00
48131f06-5b4f-420f-8295-b85563d8eba1|NULL|2026-08-06 16:45:11.320143+00
48646c42-3eb8-4c44-836c-f79dd7d9f3a8|NULL|2026-06-23 07:02:47.629295+00
494cbded-e6b1-414d-83c6-43a761602d09|NULL|2026-07-10 06:56:06.249864+00
49799de9-e09a-4ccd-960c-571431cf5c07|NULL|2026-06-23 07:02:47.629295+00
49a5df8a-031d-4866-b1a1-01db33972ca4|NULL|2026-06-23 07:02:47.629295+00
4a642fb0-312d-4dd0-a681-2efdc53f5441|NULL|2026-06-23 07:02:47.629295+00
4b5c261d-f17b-45a8-a71c-08eaf0606fe3|NULL|2026-06-26 18:07:19.992697+00
4badfc82-13dd-46dc-897c-84245f0fb943|NULL|2026-06-12 13:38:38.488218+00
4bd3742d-fbbf-4ad7-8348-9fab4f244e69|NULL|2026-06-12 13:27:19.877292+00
4c376f2d-1e85-4c75-b553-f1c6381399cc|NULL|2026-06-23 07:02:47.629295+00
4c88618b-29b4-44fd-9290-9ea6f3cc0317|NULL|2026-06-23 07:02:47.629295+00
4cbaaf54-ddc8-4785-95e7-2da3a1db73ec|NULL|2026-08-01 19:44:32.749737+00
4d68db4b-dffc-40d1-9a8c-cd2fdd224f08|NULL|2026-07-05 16:55:24.110559+00
4d9afb4a-ac4b-47be-92f7-348717181c0b|NULL|2026-06-23 07:02:47.629295+00
4dea4d73-caaf-4141-a245-ec2a982bd29b|NULL|2026-06-23 07:02:47.629295+00
4ea4222b-55e1-4ead-b965-ccd0c4e1e5d3|NULL|2026-06-17 12:57:22.396596+00
4ed71980-c3c1-4032-9365-cfe3abb3780c|NULL|2026-08-03 23:11:01.196326+00
4f299f64-a33c-4ec0-bd01-270e9e5f80d9|NULL|2026-06-23 07:02:47.629295+00
4f8328c7-a507-41f2-a084-9841cc646dd3|NULL|2026-06-24 11:07:25.619056+00
50be466b-762b-4505-9140-ad2133cde79c|NULL|2026-07-10 05:32:21.955045+00
50c4a139-2435-4d9f-bb9b-cfe79bf3e6ae|NULL|2026-07-23 15:11:41.729458+00
518ed864-c27a-4ab8-8e6d-ce75b2503952|NULL|2026-07-07 06:07:29.213709+00
519dfc84-9203-42ca-84d6-bd7f174a0129|NULL|2026-07-22 06:49:49.851336+00
526b3bf0-f851-4070-a484-78e66ca39b2b|NULL|2026-07-28 10:20:07.21169+00
535ec575-aa70-4837-8118-be9e1b27b729|NULL|2026-08-06 16:35:58.861983+00
5391a6d2-406f-469e-9c1d-49f39d0a0467|NULL|2026-06-18 12:02:07.809444+00
54601241-c712-44a8-9ad4-de9f947d72ed|NULL|2026-06-13 10:18:46.017269+00
548a96c6-38f9-4f2b-8219-2f9761f5cdb2|NULL|2026-06-23 07:02:47.629295+00
54fc42ec-7045-4931-9fc5-d1cff214529d|NULL|2026-07-09 08:10:24.057317+00
56df465e-36bd-4fbf-8dd0-f34d21dad4e2|NULL|2026-07-15 11:05:51.512168+00
583e88c8-01a7-47b3-bd8f-9a8789ced522|NULL|2026-07-06 00:53:04.777297+00
58d580de-1308-40c0-8419-5398a78df4f0|NULL|2026-06-26 16:07:33.953275+00
59fe9eac-7f96-49fd-9407-e46581bf1aa8|NULL|2026-06-23 07:02:47.629295+00
5a4ab792-d095-4091-84e3-c20659f78743|NULL|2026-06-13 08:40:05.784996+00
5ad78e96-5480-4be7-92bc-202d17da022c|NULL|2026-07-08 08:38:49.764991+00
5b871b6b-c28a-495c-af67-c814ac7bf592|NULL|2026-06-23 07:02:47.629295+00
5b8ac8fb-ca25-4776-b630-8513fff21b94|NULL|2026-07-13 05:55:32.68385+00
5be86902-2690-4c52-b236-ec3ae65aa1d5|NULL|2026-06-23 07:02:47.629295+00
5d2da515-697f-49c5-beff-8a569dbb2f26|NULL|2026-07-06 00:35:13.848863+00
5d6d096d-00dc-4a98-9297-42b39ea41d45|NULL|2026-06-23 07:02:47.629295+00
5d7ac453-93b7-48b8-9ee0-7369d53ec8ff|NULL|2026-06-23 07:02:47.629295+00
5d8f21f2-788b-48a6-8584-3ec439a2aa0c|NULL|2026-07-13 16:10:09.582911+00
5dd51e00-b38e-4438-a348-c6f5f3abc266|NULL|2026-06-12 12:04:58.808772+00
5ef137cf-7756-4d14-a4d3-14c305160494|NULL|2026-06-23 07:02:47.629295+00
60769fc2-7f7d-4ee0-89d9-01b5184795c7|NULL|2026-06-12 12:41:09.72149+00
61d2c756-524e-41fe-ab5b-7054385b413f|NULL|2026-07-11 11:36:28.367149+00
629da8e1-d8db-4e27-a997-0a749c55a274|NULL|2026-07-14 05:42:16.593342+00
633e4cbc-ad45-4449-971b-60693733b90f|NULL|2026-07-07 07:14:48.237298+00
63d1f0be-f98a-495f-ae8b-e2a3e8ee232d|NULL|2026-06-19 07:22:56.529836+00
645a6d7f-8bba-44cd-b45e-6527c7cf1a4c|NULL|2026-07-20 19:29:29.120344+00
653105a4-a82e-4eae-9a0a-a952149ae188|NULL|2026-06-17 06:33:38.772536+00
65c0b0d0-8d06-4749-b79b-f1d57e08d8a3|NULL|2026-07-03 09:42:04.705321+00
6668d8cd-c9ef-41ff-ab0f-ccc6fd4737d8|NULL|2026-07-10 10:39:16.855452+00
666f5c32-3872-4af5-833f-aa00e870054e|NULL|2026-07-05 16:34:05.041152+00
668c86f0-4408-463c-bc75-6954180b929e|NULL|2026-07-23 18:41:25.297922+00
67083cdc-4e58-472f-b726-d0a741cce631|NULL|2026-07-11 11:49:08.454473+00
692460ef-97c6-4ebf-81f5-ea2989b8127c|NULL|2026-07-27 11:27:38.763245+00
6a0b94a3-29b3-41e2-880d-bfb2a99cd089|NULL|2026-07-01 18:31:39.498564+00
6aa737a7-46ca-4938-aef0-558ef5525b48|NULL|2026-06-23 07:02:47.629295+00
6ac4510a-02e8-43bd-a513-ac8fa1099e1b|NULL|2026-07-06 04:52:04.203163+00
6afa50f7-66a6-4940-91f3-33b4659b3877|NULL|2026-06-23 07:02:47.629295+00
6b1b5639-6761-49ad-90b0-3d8e937b0fa9|NULL|2026-07-10 14:35:04.701325+00
6bb318ec-bcf5-4653-a168-e14b3f8b71c5|NULL|2026-07-04 11:24:13.482641+00
6fe0bd3c-f268-4c88-a060-ef6181279b87|NULL|2026-06-23 10:22:29.356213+00
703450c3-3b96-4e9a-a794-fc5accff9b55|NULL|2026-07-13 15:48:07.86243+00
70b74e1f-a5eb-43fb-ba99-5775af26fb3a|NULL|2026-06-12 12:49:15.266753+00
723071ea-8edc-41a4-bdba-d6dfb2022bcb|NULL|2026-07-06 02:21:17.995412+00
72b522ba-50f6-41d4-965e-fdea2ad381c5|NULL|2026-06-23 15:15:59.706564+00
764e1dfb-0d33-4cca-abc1-e7dd1c66db35|NULL|2026-07-03 06:30:46.937854+00
767b5738-556a-44bb-9608-14aa698bee56|NULL|2026-06-13 10:10:24.65889+00
76dd92b0-e8d5-4d9f-861b-863f06ccce4c|NULL|2026-06-30 16:25:44.501952+00
77411f4a-5a41-4053-8ae8-ba1d260b102c|NULL|2026-07-25 04:54:54.569677+00
77cbe560-d930-4937-b3d4-23736c626b99|NULL|2026-06-23 07:02:47.629295+00
78036708-524e-41b5-b675-ca4089b12800|NULL|2026-07-15 10:54:35.734067+00
78ff239b-a1dd-4451-a4ee-1e2f4d82906e|NULL|2026-07-07 08:43:45.338377+00
7948eb7b-d790-4f8b-81e1-3e5738a7b7c0|NULL|2026-08-05 23:10:48.245714+00
7b14bdd6-afb4-4f8b-a10f-854bba291c60|NULL|2026-06-23 07:02:47.629295+00
7b826d1b-a855-4624-8a6f-53c04ebe4fa7|NULL|2026-07-19 16:21:05.88434+00
7dacc155-0816-420d-97c3-f4e24cc3de94|NULL|2026-07-10 06:54:03.201985+00
7dc27259-969b-49dd-be52-f66e04228d93|NULL|2026-06-23 07:02:47.629295+00
7ebd582c-400c-4eb4-a578-6dd090ed7b75|NULL|2026-06-12 12:29:18.418806+00
7ef0b12d-4a26-4305-ae18-b5a2b66cc79d|NULL|2026-06-23 07:02:47.629295+00
7fb37f93-334e-4ad7-ad6e-1e517babac1d|NULL|2026-06-23 07:02:47.629295+00
7fc5c474-f6b7-4f85-8b7b-e6e5ace1ef34|NULL|2026-06-23 07:02:47.629295+00
7fe74f62-4825-4600-9f44-c0ea83c7a805|NULL|2026-06-23 07:02:47.629295+00
80e93d66-2d11-41df-b85a-97d99bf0150a|NULL|2026-06-23 07:02:47.629295+00
81f50c9c-71d5-44d3-bd0e-551c28fb1fc6|NULL|2026-06-23 07:02:47.629295+00
8315ba67-a398-48d7-ab66-a195d1ddac31|NULL|2026-07-11 11:45:47.424865+00
83ffa3b5-e166-4711-99e6-4084352f0906|NULL|2026-06-12 10:18:48.895117+00
84063fc9-56c9-47da-a772-71d3451e8dd0|NULL|2026-07-07 18:31:52.142669+00
8512a326-36e2-4777-80f8-53bd60eeff27|NULL|2026-07-14 02:27:29.94324+00
85497733-2407-44f0-9619-34cfd1f444ea|NULL|2026-08-01 11:24:20.838986+00
86da7890-5009-4aa9-b01d-d82278e2b77c|NULL|2026-07-28 08:06:56.77598+00
87a6b58f-d0f4-469f-b0d8-c8c0bd787cdd|NULL|2026-07-15 08:46:30.249708+00
883aef8b-8c2e-43f6-bee4-707979265c2c|NULL|2026-06-23 07:02:47.629295+00
888dbb1a-041d-45ba-b0c5-7cee4c7152da|NULL|2026-06-23 07:02:47.629295+00
8b926e21-d15a-4e1e-8fcb-76ad892322f0|NULL|2026-06-23 07:02:47.629295+00
8c3a9e08-b3c1-4a3d-8f0f-92378536791f|NULL|2026-07-06 00:23:42.876828+00
8c790f9d-80b4-42cd-8002-1137c1b4d079|NULL|2026-06-13 08:32:23.634743+00
8cb9a240-d740-4c0a-9052-5b5b3f772ee9|NULL|2026-07-27 13:04:21.980811+00
8ccf066d-13cd-44fd-9cf5-e4c692c9cf6b|NULL|2026-06-23 07:02:47.629295+00
8da6c146-14e6-424d-8e18-471c89b2bb03|NULL|2026-06-03 06:41:05.168187+00
8ed828bf-e4d8-4f0f-a18b-6b81b3b26610|NULL|2026-07-07 15:50:33.374076+00
8fff0cd3-6ce2-4cc6-8542-6d3ab3fd05a4|NULL|2026-06-23 07:02:47.629295+00
903e9653-5770-4c48-a625-35ce0a66e4fa|NULL|2026-06-23 07:02:47.629295+00
90e3a85a-e964-4da7-b103-91756f2a4cad|NULL|2026-06-30 11:19:06.173853+00
911f233d-de08-4954-ac7d-cffb087a44cc|NULL|2026-07-07 07:12:22.288927+00
92b0e0cf-8c98-4947-9c76-ac3adc5bd9dd|NULL|2026-06-23 07:02:47.629295+00
92e59238-3982-4392-ab80-b5b0ca11d899|NULL|2026-07-31 01:29:43.329637+00
9317ce28-c177-4415-b377-10ccddbf838a|NULL|2026-07-29 18:56:16.606356+00
93f06117-613d-4d83-a8c8-f050418cb058|NULL|2026-07-10 06:57:18.895094+00
9604ac53-e42c-462d-9b39-1357e740418e|NULL|2026-07-29 09:57:03.902131+00
96799326-c81b-4e60-95d3-6040484d88f4|NULL|2026-07-21 12:48:11.965269+00
96d742fe-37f8-4296-b096-8dbedaad0cdb|NULL|2026-06-23 07:02:47.629295+00
970c6f13-8819-4044-a7af-da10f83c8f52|NULL|2026-08-05 14:49:25.420318+00
97effdbc-13b8-4efd-852c-16116a0e2470|NULL|2026-07-24 18:11:53.294013+00
98176432-1baa-4056-b00b-9dce670d0b84|NULL|2026-06-23 07:02:47.629295+00
9899fbeb-2392-476e-9d10-fd19bacb345b|NULL|2026-06-23 07:02:47.629295+00
98a23fa5-9efe-410d-be68-421f00a7d4f7|NULL|2026-06-23 07:02:47.629295+00
9935494d-1ac7-40b9-b958-4e85e421e86b|NULL|2026-06-27 08:50:57.01458+00
994c4c92-4fdb-4bee-b176-7ba57b70de01|NULL|2026-06-23 07:02:47.629295+00
996c0c8a-cb62-4809-b2a8-5f2719a989c3|NULL|2026-08-11 09:02:57.589414+00
9a8cb9f7-2ce4-4ddd-93bf-f1760f75dce4|NULL|2026-06-23 07:02:47.629295+00
9b1e069e-62e7-475b-a6a0-45cd48821074|NULL|2026-07-03 09:49:40.153536+00
9c37ace1-661c-4040-b0a8-972715b1c5a7|NULL|2026-07-03 09:52:07.365902+00
9c3888e0-4cbe-4678-aa76-287aec81bd8f|NULL|2026-06-23 07:02:47.629295+00
9c76bb3a-f664-4ea6-b240-c9368bb20d3e|NULL|2026-07-20 09:27:43.569837+00
9d0f5835-fb81-4e49-a41b-1dc930281359|NULL|2026-06-23 07:02:47.629295+00
9d5fe251-45f2-4628-8dfe-767a347d145b|NULL|2026-07-19 17:50:04.047559+00
9e3abfb3-f69d-4c22-85c3-91d938f51d79|NULL|2026-07-07 07:14:00.179525+00
9e5a276b-2270-46c4-87bb-21e606786cab|NULL|2026-06-23 07:02:47.629295+00
9ea0d6a7-1ac9-4daf-99b0-a335b0ab69c3|NULL|2026-06-23 07:02:47.629295+00
9f0ac941-96c3-48fe-b2b2-6b6146198724|NULL|2026-07-02 05:27:08.703363+00
a09d1e32-4cbb-4eb6-a8f9-86b3f7c8df33|NULL|2026-07-13 16:12:31.216484+00
a0b3b5d6-17e8-42ab-975c-e10d1ac72bed|NULL|2026-07-04 03:18:49.179386+00
a3921da6-b911-489f-a8c6-5b9593ab1fbf|NULL|2026-07-10 06:32:13.567187+00
a455c8f4-6a39-4135-b700-978207608967|NULL|2026-07-13 15:53:50.404227+00
a60e1b2e-787a-4d79-a1df-ec9dde8bcc12|NULL|2026-07-30 11:20:47.328537+00
a69a919a-d266-4548-8789-a2b3ce17d1a1|NULL|2026-06-23 07:02:47.629295+00
a7ca55a7-23da-4de4-88d6-c0ca660d731a|NULL|2026-07-27 05:20:18.839378+00
a7f26ba4-1823-4d20-aa3f-996ebbe8c405|NULL|2026-07-31 22:33:39.037552+00
a7fbdcd1-4d4f-484b-bf12-0431eebc0964|NULL|2026-06-23 07:02:47.629295+00
a869dd11-0ec3-4b05-92eb-92c20eb3dadc|NULL|2026-07-13 15:46:03.199997+00
a900516e-dcc9-4d8c-b9e1-bff4236c94cc|NULL|2026-08-09 17:04:02.160771+00
aa585f0f-f418-4333-abd4-b9bde73e863a|NULL|2026-08-07 16:15:41.151063+00
ab5b3cf4-8439-4a5c-b05f-994c7f9801b4|NULL|2026-06-21 05:53:30.623624+00
ac9363d9-8a1a-4a48-9739-5373f9a3b0b0|NULL|2026-06-23 07:02:47.629295+00
acae7a5f-152a-4ad4-924a-fc24e3953870|NULL|2026-07-29 11:54:15.06702+00
acb8e9c7-0ba8-4630-bb30-2b85db455767|NULL|2026-07-02 05:57:22.885715+00
ace63d10-16f8-4c31-89a8-758299605348|NULL|2026-07-10 06:37:54.914096+00
ad97d48b-e2c2-47c6-a5d5-3fee90f6cab3|NULL|2026-07-18 17:59:35.938251+00
adc9b180-1aba-4699-aa3b-d57cf6f15d76|NULL|2026-08-01 13:03:49.619017+00
ae33846a-a571-4ef3-b042-36c6a38e0db2|NULL|2026-06-23 07:02:47.629295+00
ae6d89c9-711b-4c5f-82bb-6aeb8f0864e8|NULL|2026-06-23 07:02:47.629295+00
ae743b80-2e79-448a-8d47-88298624d38f|NULL|2026-06-23 07:02:47.629295+00
afaebf00-d69b-411d-80ba-079acfba52e2|NULL|2026-06-23 07:02:47.629295+00
b0df54da-db9a-4ed4-a1bd-24d046abc333|NULL|2026-06-23 07:02:47.629295+00
b137a2cb-b147-45f8-9438-46610ae6106f|NULL|2026-08-09 10:43:00.299403+00
b1446d5e-e888-412d-9dee-b8966e4cb81d|NULL|2026-08-11 10:10:03.486226+00
b2c06317-4135-4b2c-89e1-c451340812d2|NULL|2026-07-13 06:13:08.455301+00
b5058546-a9ad-41ce-b9a3-d8f84097bf3a|NULL|2026-08-09 15:49:02.09381+00
b5da39b8-475c-4dc9-9ad2-79ac299df141|NULL|2026-08-02 08:49:08.003425+00
b633bf6b-a895-4354-9042-9d006b9eeeab|NULL|2026-07-15 11:10:37.718573+00
b68a0cb4-635f-4841-aa7f-ee519c37e954|NULL|2026-06-28 16:27:32.574569+00
b7038488-67d9-4eb0-8639-71704419d8e0|NULL|2026-06-23 07:02:47.629295+00
b8110fcb-20d4-4f16-8709-07e91f968446|NULL|2026-07-07 15:54:34.625332+00
b81fe969-9588-4a10-8ebd-e59cf19b645b|NULL|2026-06-23 07:02:47.629295+00
b88965f0-610c-4e8c-a442-d8b7d675c5d9|NULL|2026-07-10 06:54:48.331096+00
b91fa2f5-76ff-4bed-833c-ed4ad904bb08|NULL|2026-06-23 10:12:25.693008+00
b9b3e0c8-e977-4ba7-8730-23244f660bf7|NULL|2026-06-19 11:23:47.067026+00
ba679088-33e5-452e-8fc8-754e118d0336|NULL|2026-07-08 16:03:11.195468+00
ba6a2979-d725-4d4c-afbb-d9fd610876b4|NULL|2026-06-23 07:02:47.629295+00
bad42ac2-4064-41a6-a214-825c6d309466|NULL|2026-07-18 15:09:56.72856+00
bbc6c4ff-12d0-4c25-8cf7-166351dca44f|NULL|2026-07-29 17:55:41.280563+00
bbecd3c0-78c8-434a-aaa9-d7bf80783097|NULL|2026-07-15 08:47:55.27424+00
bee20fac-60f6-404b-994f-101654fb349e|NULL|2026-06-23 07:02:47.629295+00
bfaae83d-a3af-4f0d-a340-b01c1633579c|NULL|2026-07-06 00:32:08.977345+00
c079e4a6-bbde-4c9f-b193-8fb0f23d73e2|NULL|2026-07-27 17:57:43.247227+00
c0882896-5870-483c-bc15-9b08e5f9058e|NULL|2026-08-03 03:29:25.574994+00
c08bab32-d086-4b52-88be-1c0d4abc8d8e|NULL|2026-07-05 16:59:44.511223+00
c09b0c7d-8d3f-4a40-8193-678e50ceb5cb|NULL|2026-06-23 07:02:47.629295+00
c17578e4-9efc-495c-aa02-8965603b1b8e|NULL|2026-06-23 07:02:47.629295+00
c1948357-a16e-41ab-946c-a207312dbeef|NULL|2026-07-23 05:22:22.726783+00
c522e541-db78-4560-99a0-3d1fe86aca74|NULL|2026-07-05 18:53:35.360739+00
c6cc34bb-a581-4838-96df-a3fab1bcb56e|NULL|2026-06-23 07:02:47.629295+00
c732c23a-1256-4646-9823-fcb1f38b6759|NULL|2026-07-07 18:33:38.000859+00
c7437ecd-a7bc-4cc7-965c-1def482dd4fe|NULL|2026-07-07 07:10:08.560114+00
c932fcb8-107a-4a05-a5fc-9275bdcb2686|NULL|2026-07-14 10:26:41.526721+00
ca6bc933-71c6-4540-8d9b-6a4e0741f4a1|NULL|2026-07-11 11:35:07.350806+00
caeb708e-2b33-4767-9fd4-88f00258d486|NULL|2026-06-23 10:11:24.485826+00
cda2406e-06ad-4cbb-b29e-4c98194d6d00|NULL|2026-06-12 12:04:59.360214+00
ce16f164-8bd2-4dfc-b471-4051eb36b702|NULL|2026-08-11 10:10:04.385162+00
ceb2bd3e-2a6e-46fa-82e6-827b081461b0|NULL|2026-07-06 00:19:32.683926+00
ced5133a-934a-43b1-8d9a-0de95804647a|NULL|2026-07-13 06:14:46.556422+00
cee5599f-6f9d-4bcb-8c16-0e3efec29966|NULL|2026-07-10 06:45:15.220548+00
cf3bca96-7e5b-4bb5-a743-f29bbd07c276|NULL|2026-07-27 15:47:00.689136+00
d12c5bc0-2dcb-4576-9120-df77c91cbb20|NULL|2026-07-27 09:24:41.048611+00
d368a6ac-1df8-494c-a19f-c3328807d10b|NULL|2026-08-02 09:09:06.250685+00
d51f9ffd-d125-4bf7-a5de-82740e530a90|NULL|2026-07-10 04:05:51.733989+00
d5e19c8d-2124-4c64-8ce5-bf2dd6d79b9c|NULL|2026-07-14 05:45:30.615505+00
d749d18c-fe6a-4843-a22d-e782b9f70691|NULL|2026-06-23 07:02:47.629295+00
d76d1f62-815f-4be5-85b6-7e2640fccb27|NULL|2026-06-23 07:02:47.629295+00
d9ee2a21-90f6-478e-ba42-24d755d4382a|NULL|2026-07-10 14:34:28.438163+00
da9c4e74-2601-4f60-9054-2d4dc17612e3|NULL|2026-07-02 05:47:34.073658+00
db330e83-57b9-43c0-93d9-70a12a0932f4|NULL|2026-06-12 13:24:49.58204+00
dbd94576-26da-453b-a437-20487f002dbf|NULL|2026-06-30 18:21:40.762288+00
dc0e96a0-b3f6-4d58-9042-9a77dd4575be|NULL|2026-06-23 07:02:47.629295+00
dc3e75a3-f0f7-4d49-a938-ec0d4a6488d7|NULL|2026-07-19 16:02:55.655+00
dd10ce7d-2d8b-41a0-b0ec-ecb6355c1d15|NULL|2026-06-13 11:24:50.156807+00
dd550618-9eab-4493-8259-159c7ff66c09|NULL|2026-07-06 04:59:39.308865+00
dda82c0e-83e4-45dc-ac30-37aeab61a90b|NULL|2026-06-17 09:39:39.767099+00
de269b0f-95b0-4340-91e8-330371e74f94|NULL|2026-06-22 05:25:54.102652+00
dec3e365-44bf-4457-9628-7a1f3013f860|NULL|2026-08-01 05:10:32.492997+00
deebe8a8-3532-4912-8b27-5a4ad983d0bf|NULL|2026-07-06 12:14:53.29883+00
dfd5d479-b973-4bd2-b9eb-768e01f9de72|NULL|2026-07-07 18:20:12.439055+00
e0151061-ce5a-43e0-8467-51b9c2ff282e|NULL|2026-06-23 07:02:47.629295+00
e02d421f-b732-4551-8217-37cc1a709fd4|NULL|2026-06-17 09:51:37.037113+00
e10f27cb-7b19-41e3-bccc-0ef880baf956|NULL|2026-06-23 07:02:47.629295+00
e1aefeef-2433-4f1a-a194-c7848844bc4b|NULL|2026-07-09 10:40:14.375792+00
e298aa22-13ec-490f-ab54-5845deaf1070|NULL|2026-07-06 00:53:49.42741+00
e2ef88f5-7d7b-44ac-b5e3-b418069f48b1|NULL|2026-07-06 00:15:03.812487+00
e3bf211d-e584-4150-8ebd-8c88dea72151|NULL|2026-06-17 08:48:58.313502+00
e4146580-98cd-4dbe-9d03-b2bd6dace212|NULL|2026-06-23 07:02:47.629295+00
e447a7bb-c6af-4b25-93cb-befe0fcd5cb0|NULL|2026-08-01 10:59:30.992568+00
e466dcb8-63d1-4704-8c36-4bd2cdcfd5e3|NULL|2026-07-06 04:45:50.163317+00
e4805a8b-6151-42a6-aaee-3b3a8634b99c|NULL|2026-06-23 07:02:47.629295+00
e6c5bdfe-fd74-470a-bd66-1010a50bc79b|NULL|2026-07-06 01:11:58.134898+00
e6f3de3f-946b-4f88-ab9b-08aac9c5bd92|NULL|2026-07-12 09:30:12.113003+00
e70cc81e-7053-4506-a570-b84651c97555|NULL|2026-07-04 10:30:00.455107+00
e86faffd-2250-4277-858e-0df0de929d6a|NULL|2026-07-13 15:01:36.934622+00
e87e4f78-427a-4f66-8e9a-192760ff0aaa|NULL|2026-07-07 07:12:57.909195+00
e8b2d84e-76cc-4c5d-8602-89ee715bc187|NULL|2026-06-28 09:12:09.869666+00
e979a156-97b2-4f56-a08c-f09d83aaca06|NULL|2026-07-30 15:33:22.392469+00
e983904e-73f3-4173-a8f5-0ac674fba43f|NULL|2026-07-27 11:43:15.079972+00
eac9f5ac-617e-409f-b804-55ce0c7c2cd6|NULL|2026-06-23 07:02:47.629295+00
eced166a-2b6b-47e4-8461-394497bc50c7|NULL|2026-06-23 07:02:47.629295+00
ed3f01cc-5f8b-45ff-823b-1eb753ec9b28|NULL|2026-06-28 15:53:13.688933+00
edde0928-6288-4d14-a99b-3f5764375e40|NULL|2026-07-18 11:43:18.437363+00
ee7a2cba-a061-489d-9007-3a3ce16e0b82|NULL|2026-07-06 00:18:45.608917+00
ee86c0c7-2c4d-477e-9072-eb9286d81f5e|NULL|2026-07-03 12:03:25.524787+00
eeb171a8-e79d-4bf4-9495-abb16e56414d|NULL|2026-08-06 16:39:48.475419+00
f013e2e9-d420-44df-828b-459e8a16786d|NULL|2026-07-20 09:40:14.793317+00
f2511cd0-ec3a-492f-bcf2-0b0028d8922b|NULL|2026-08-11 08:29:58.681878+00
f29833d2-afae-4d1c-9f7d-0e2173b76bc7|NULL|2026-06-23 07:02:47.629295+00
f3b8982c-1c8d-424a-8b3d-547ef62a71c0|NULL|2026-06-12 13:02:15.941324+00
f436d4b7-1183-41f7-8193-a6039a52ee7c|NULL|2026-06-23 07:02:47.629295+00
f4e26bf3-9c11-4b53-8536-4807b5bd62fe|NULL|2026-07-19 18:09:56.962884+00
f59341a6-d853-4a94-b992-baafc30e607f|NULL|2026-07-29 05:55:06.746016+00
f67ce09c-ac50-4f2c-a9ed-79712ac729db|NULL|2026-07-29 09:50:16.036574+00
f7b4ea9e-dd7c-427e-afc3-e627d9cd904c|NULL|2026-07-21 05:13:20.135948+00
f7ff20c5-2a0c-459d-83b0-75648927281d|NULL|2026-06-23 07:02:47.629295+00
f830e61d-6df3-4b53-ae6e-97840f09cb44|NULL|2026-06-22 03:24:53.528098+00
f84810c4-15be-4af1-9500-7b26797e3c59|NULL|2026-07-27 18:08:33.113931+00
f8c316a4-6266-47c9-94d8-e3fa3ebc824c|NULL|2026-06-27 07:47:07.223417+00
fb001d5e-a091-4223-b952-94f1267fe181|NULL|2026-07-20 09:15:16.310289+00
fb059bd0-5181-48c3-90cb-22260a11db4d|NULL|2026-06-20 06:37:25.983248+00
fbfafe2e-1375-484a-9622-a2c9d3900c74|NULL|2026-06-23 07:02:47.629295+00
fd8289b6-9840-4517-846c-d9800179da7c|NULL|2026-07-22 11:17:49.711699+00
fee6fd2e-4d71-4066-9bec-e767a09ec103|NULL|2026-06-13 10:06:18.56175+00
ff3cfac6-6c82-46eb-b0b6-a19ecd0c758a|NULL|2026-08-01 19:34:07.304949+00
