1787483576|docker restart
1787489823|docker restart
1787490304|docker restart
1787490905|docker restart
1787492106|docker restart
1787580526|docker restart
1787641334|docker restart
1787641943|docker restart
1787827684|docker restart
1787828419|docker restart
1787837786|docker restart
1787899228|docker restart
1787909683|docker restart
1787912078|docker restart
1788064108|docker restart
1788109217|docker restart
1788357286|docker restart
1788358721|docker restart
1788441741|docker restart
1788518431|docker restart
